5,14,22,34,35,38,49
4,15,19,22,35,36,46
2,8,15,16,32,43,46
5,9,23,26,35,39,40
1,11,26,27,30,35,43
7,15,17,19,30,36,42
2,7,12,23,34,42,46
6,8,17,22,28,38,48
4,17,19,33,35,43,48
2,6,18,23,25,28,46
7,11,15,22,36,38,49
9,15,17,20,24,46,50
4,6,13,22,26,42,48
6,11,17,19,28,37,45
2,5,13,22,32,38,46
4,16,21,30,43,44,45
2,3,9,19,38,43,45
4,13,15,21,26,28,46
3,5,12,21,26,39,43
5,17,24,25,30,35,40
1,11,21,23,31,33,43
4,6,10,19,25,36,46
1,8,20,30,34,38,43
2,5,13,18,33,36,38
6,8,12,19,38,44,48
5,16,18,26,31,40,41
2,13,18,27,36,38,41
3,11,21,32,36,37,47
4,15,18,36,37,40,41
6,7,18,24,31,43,46
5,11,23,27,30,34,48
10,12,20,24,40,43,48
7,17,19,21,29,39,48
7,9,18,25,29,37,50
11,14,15,26,32,39,50
9,11,23,28,40,42,48
2,6,11,23,28,38,46
6,10,26,29,31,39,44
6,11,25,28,32,36,49
7,16,24,27,30,39,42
2,6,21,30,32,38,39
7,13,19,29,32,37,42
7,17,19,23,26,39,50
1,9,12,26,29,33,41
6,12,17,37,38,42,47
1,16,23,28,34,39,44
7,14,19,21,33,41,49
7,8,17,21,31,42,46
5,10,15,23,38,44,49
1,9,15,18,34,38,45
3,15,19,21,22,38,47
3,9,20,22,32,35,45
3,4,12,28,30,38,40
2,5,15,22,26,28,44
5,8,12,35,36,41,46
3,16,21,23,36,41,46
4,6,12,22,33,38,47
2,9,11,22,37,42,46
6,11,13,20,37,43,48
5,15,18,25,30,38,46
7,9,23,30,32,38,45
8,10,20,22,31,36,49
4,12,13,29,33,42,44
2,3,15,24,27,39,43
8,14,18,22,24,35,49
3,7,20,25,33,42,47
1,7,15,16,34,38,43
2,7,20,29,33,36,40
1,5,16,23,27,39,44
1,8,13,23,26,38,43
4,13,21,26,35,38,42
1,7,25,32,33,43,45
9,17,21,31,32,33,46
6,12,20,27,33,39,41
6,15,27,32,38,43,49
6,7,13,24,32,44,47
5,11,19,30,42,44,48
3,18,20,27,35,40,41
4,7,14,16,32,44,46
7,16,23,30,37,40,45
4,12,26,32,33,43,45
10,14,16,22,27,36,48
8,19,24,25,36,39,47
6,13,21,26,37,43,46
2,9,16,17,21,35,41
3,8,18,22,40,42,47
3,10,26,30,31,43,45
12,17,18,23,34,35,44
2,9,13,26,32,37,44
4,6,19,21,34,43,45
6,11,18,30,34,44,48
4,7,8,24,31,42,45
1,6,7,28,33,37,44
4,9,13,27,31,40,41
3,12,13,23,27,45,46
5,11,15,32,34,39,46
4,7,14,23,38,41,43
3,12,16,19,28,30,38
8,11,17,24,29,34,47
3,6,14,18,28,40,44
8,9,10,21,37,38,47
4,6,10,24,37,39,46
1,8,21,30,32,36,45
6,8,11,16,27,45,50
2,10,11,25,28,43,44
5,6,9,28,33,39,46
4,9,24,37,38,39,42
6,8,22,31,33,39,45
6,12,21,30,35,41,49
4,8,11,19,39,42,46
5,7,17,21,39,46,47
4,6,15,28,32,41,48
5,17,18,30,33,44,49
1,4,17,34,42,43,45
5,7,18,25,30,31,49
12,14,19,23,27,40,46
5,6,13,16,34,43,49
5,6,13,25,32,41,49
10,11,19,31,32,33,47
7,9,24,26,37,39,41
9,11,25,32,35,39,47
6,15,20,24,30,44,48
4,16,19,28,36,37,44
2,5,18,35,36,38,42
1,8,13,20,35,43,44
1,12,18,25,26,40,41
5,10,16,25,28,29,43
5,11,18,23,38,39,43
9,13,21,25,26,36,46
2,4,20,23,31,38,41
3,10,16,23,40,41,47
3,7,13,27,29,32,46
6,10,13,21,25,41,49
2,3,17,19,39,43,45
2,6,13,17,26,42,43
6,16,21,37,40,43,44
7,8,15,18,33,38,45
5,6,8,13,37,38,49
5,7,12,19,37,41,48
4,10,17,20,29,41,48
6,14,18,25,28,34,36
9,10,13,16,33,36,45
3,6,19,21,34,39,42
2,4,11,17,36,39,41
1,2,22,26,30,35,41
7,16,19,34,36,40,48
12,17,21,28,31,32,44
3,11,13,20,29,40,46
4,11,20,25,39,45,47
8,13,15,23,36,45,50
4,14,24,26,32,37,48
3,6,10,17,22,38,47
3,8,20,22,25,30,47
2,11,18,20,28,32,46
3,7,11,21,26,41,46
4,13,15,17,36,44,46
3,8,15,22,26,27,47
3,7,17,22,37,39,40
10,13,19,22,28,35,46
5,7,8,30,33,44,49
10,14,20,24,33,43,48
6,8,10,16,37,39,49
4,6,11,19,36,45,47
4,5,9,21,33,42,48
5,14,15,16,34,44,45
3,7,21,25,27,43,47
8,14,26,28,37,39,49
1,9,19,26,29,39,45
7,11,18,25,36,44,45
9,10,18,29,36,39,49
4,5,12,30,32,35,46
5,9,11,26,28,45,49
5,7,15,25,28,39,45
7,11,17,26,27,43,48
11,15,18,24,35,36,47
5,11,17,19,29,32,46
4,8,11,33,35,39,46
5,6,21,28,35,47,49
10,16,17,19,32,43,45
5,6,17,19,24,44,49
9,12,17,23,39,44,46
4,15,20,21,31,40,44
2,15,23,28,31,34,45
1,11,18,20,22,38,40
1,9,23,27,29,32,43
7,11,13,25,34,40,48
2,7,10,19,25,36,46
4,9,19,20,30,39,45
2,15,17,22,29,33,41
5,6,10,33,39,46,47
4,13,14,26,31,43,45
2,8,16,18,29,43,44
5,15,23,25,34,35,47
2,8,12,23,32,39,45
3,5,22,27,41,44,47
8,13,23,24,34,46,49
3,4,18,20,37,38,42
7,8,14,34,38,41,50
9,10,19,21,30,39,48
3,10,23,30,31,38,46
3,10,12,28,29,36,39
7,10,11,14,33,34,45
6,13,15,26,27,28,39
3,6,20,34,36,41,42
7,14,22,28,38,39,49
6,10,19,28,41,42,43
6,9,14,29,30,40,45
3,8,14,28,33,39,47
9,10,15,26,33,46,48
6,10,15,22,23,32,42
3,9,16,30,32,39,44
4,6,19,20,25,39,46
3,6,29,32,36,43,47
3,10,15,20,27,42,44
6,10,14,15,20,37,47
4,10,16,19,28,32,46
4,8,10,28,35,41,45
7,13,17,31,36,43,49
7,11,17,21,24,33,40
4,13,16,21,26,43,46
3,16,27,31,32,45,46
2,6,12,24,32,41,43
4,12,22,23,36,43,48
3,5,19,26,31,36,40
2,6,16,33,42,44,46
6,12,18,24,35,48,49
6,9,13,20,22,41,42
5,7,15,26,35,39,47
3,4,10,23,33,36,44
5,6,13,22,30,40,43
6,7,17,23,32,34,40
2,10,13,22,26,31,45
2,12,16,26,39,42,46
8,10,11,24,28,38,42
3,11,14,33,37,40,43
9,12,15,18,31,37,40
7,8,16,30,32,46,47
4,10,16,23,24,39,44
1,3,16,18,29,32,45
8,12,21,26,36,38,42
1,23,24,25,26,38,40
5,8,12,20,33,46,49
5,9,24,30,37,47,49
7,12,18,22,24,42,47
7,13,18,34,39,43,46
2,7,17,20,21,42,44
4,11,14,19,41,46,47
5,10,15,27,39,40,44
5,15,16,23,39,45,49
5,10,20,22,34,36,45
5,7,19,26,31,41,43
1,10,13,23,29,32,38
4,17,22,29,31,33,43
1,3,13,15,34,39,41
7,12,19,32,35,39,49
3,18,24,29,39,40,44
9,18,21,24,33,37,48
4,6,19,20,25,44,47
7,12,18,20,34,39,44
8,14,15,19,37,41,45
3,16,18,23,25,33,45
5,8,16,24,29,40,47
2,10,13,18,33,40,43
6,10,16,28,37,38,46
2,6,12,16,28,32,46
5,11,20,30,36,39,48
2,14,24,28,36,40,45
4,15,20,28,30,42,43
7,15,18,25,29,36,44
5,6,10,15,26,39,46
3,4,15,20,28,44,46
6,10,13,18,43,46,47
4,7,15,23,28,36,46
3,10,15,27,33,44,45
3,6,8,27,30,35,47
4,8,19,25,34,44,45
2,11,19,26,28,41,44
7,13,19,20,23,36,45
3,14,15,20,28,42,45
5,10,18,32,40,41,49
7,12,13,15,30,35,47
3,7,9,24,31,39,44
7,11,16,17,40,43,45
2,18,22,25,30,37,46
6,18,22,23,39,43,46
3,9,18,20,30,39,44
4,15,20,23,30,36,48
2,8,16,26,30,33,42
3,11,20,22,24,41,43
6,9,13,24,29,34,48
4,9,13,19,28,46,48
4,8,14,33,36,40,47
4,20,26,29,38,44,45
6,13,18,26,31,43,46
8,13,16,34,37,46,49
7,10,15,18,42,43,50
3,8,12,27,35,36,46
5,10,12,18,32,36,49
2,13,21,22,29,39,41
2,11,33,35,36,39,41
12,13,19,28,31,45,46
10,13,23,26,36,43,46
1,2,17,26,29,40,44
1,12,16,19,23,39,40
3,11,19,35,37,42,43
6,12,31,32,34,46,49
5,11,21,31,33,40,48
3,8,16,25,31,39,40
3,13,23,34,36,41,46
5,17,23,24,28,38,49
5,8,12,23,32,46,47
2,6,21,30,37,45,46
4,11,14,30,31,41,46
3,9,13,24,28,32,43
5,6,11,29,38,41,47
8,13,16,27,32,38,47
2,6,10,13,39,41,45
7,8,19,21,35,45,46
7,8,9,17,40,47,49
4,7,12,19,32,36,37
3,7,13,24,26,38,44
5,8,19,30,36,43,46
7,9,18,32,34,40,46
3,8,16,19,28,33,47
11,17,19,21,24,30,44
3,12,19,25,39,42,44
4,16,17,23,29,36,43
9,12,15,17,31,40,42
9,11,16,30,38,43,49
7,8,11,13,24,36,41
7,12,19,28,36,44,45
5,9,11,34,40,44,46
4,12,13,18,27,44,45
3,4,28,33,34,39,40
12,13,15,18,21,32,47
5,10,13,33,37,38,47
9,13,20,36,38,41,48
4,8,9,28,31,35,45
4,11,14,21,22,28,46
1,6,22,26,28,35,44
3,9,14,27,34,40,43
5,6,10,28,29,42,49
2,6,19,22,29,32,43
5,12,23,24,31,32,41
8,12,26,27,33,34,46
3,15,28,29,32,35,39
2,8,9,18,29,42,45
8,11,20,22,29,40,43
3,7,10,26,27,35,43
3,7,11,18,25,36,47
4,8,16,20,39,45,46
7,13,19,28,31,37,44
7,11,18,30,37,41,50
5,9,20,29,30,34,46
1,14,15,24,31,34,40
5,17,24,33,35,40,45
7,15,16,20,35,37,45
1,10,17,26,33,36,37
3,5,21,28,37,41,44
3,6,10,17,30,43,47
6,8,11,17,29,34,42
7,12,14,27,35,37,48
3,5,22,26,27,37,47
6,17,18,23,31,43,45
3,8,9,18,27,35,42
8,9,15,20,29,40,47
3,9,11,17,21,36,47
6,7,13,31,33,37,46
7,8,16,24,33,45,47
1,13,21,24,36,37,45
7,14,15,22,31,39,43
8,10,14,19,25,38,46
7,12,15,26,35,39,50
3,9,19,37,42,46,47
6,14,17,23,39,43,48
6,14,15,28,33,38,47
4,6,27,32,38,42,47
3,15,20,22,24,38,47
6,7,16,23,27,37,49
3,4,21,28,31,34,47
3,15,18,26,43,44,47
9,10,15,23,37,41,47
2,12,17,23,29,38,46
3,7,13,24,35,38,42
2,3,16,22,36,37,43
2,9,16,19,24,35,43
10,12,16,23,31,37,44
1,7,15,22,26,37,42
6,9,15,27,30,39,48
3,4,12,18,21,41,47
8,15,16,28,35,39,48
12,16,21,22,29,46,48
2,4,11,26,30,33,45
2,10,20,25,34,38,45
4,13,16,17,37,41,42
5,16,22,28,32,38,47
9,10,15,17,41,47,49
3,4,15,24,26,40,46
3,8,18,19,37,38,45
3,10,16,18,25,31,38
8,11,19,29,44,45,46
7,8,13,23,24,43,45
9,15,17,18,28,35,40
9,13,18,24,28,40,48
1,7,16,29,31,38,41
5,11,13,18,23,42,48
1,13,16,27,33,41,42
3,6,16,21,35,42,47
1,13,15,31,40,44,45
9,14,24,25,34,37,48
4,8,17,22,25,39,40
11,12,15,29,33,37,47
5,10,16,28,32,44,48
5,12,13,22,26,44,49
4,16,20,23,28,40,48
4,13,19,27,33,36,47
1,19,29,32,34,36,40
2,18,24,27,34,35,38
2,11,13,20,23,36,46
6,7,19,20,25,27,45
7,11,21,24,25,40,50
2,10,20,22,28,34,38
9,10,24,25,38,42,49
6,12,23,28,37,42,47
4,8,14,26,34,44,47
3,11,13,22,24,36,45
4,17,23,34,39,43,46
9,12,13,22,23,35,47
1,9,19,20,40,42,44
9,10,17,23,26,27,47
3,12,15,25,26,39,41
3,10,14,20,36,38,45
7,10,15,19,26,32,44
8,14,20,28,39,42,48
6,14,24,27,36,47,49
7,15,19,31,39,44,49
11,14,16,20,39,44,49
1,12,26,35,38,42,45
2,9,10,16,34,40,42
6,10,24,25,26,38,45
10,13,22,26,35,36,47
7,8,11,31,33,36,47
8,9,12,23,30,43,48
5,10,23,30,35,44,49
5,15,25,29,32,39,47
5,14,22,28,31,38,49
3,11,12,16,23,40,44
1,8,10,24,28,32,44
6,12,19,24,32,39,49
4,9,11,26,38,44,46
2,14,20,24,25,42,43
8,14,23,28,32,39,41
7,14,17,25,36,48,49
3,10,13,33,40,41,43
7,9,21,22,39,43,48
9,15,21,23,28,45,49
1,12,14,23,27,31,42
6,8,19,24,40,42,47
6,11,13,20,28,45,46
6,8,14,19,26,40,48
5,7,8,24,38,44,48
3,9,17,24,32,33,40
5,16,19,22,24,37,49
5,17,18,20,38,47,49
9,11,25,33,35,41,42
9,15,19,25,40,47,49
3,11,12,34,41,43,45
5,13,15,21,24,41,49
4,17,21,22,24,34,41
7,8,19,25,32,39,45
8,9,18,26,31,44,47
5,9,11,19,33,38,47
6,7,23,32,35,43,47
6,7,17,25,30,36,49
5,9,11,23,31,40,43
4,5,17,24,28,46,48
9,13,19,25,27,42,49
6,7,15,18,21,39,48
6,9,22,27,29,45,47
4,9,26,30,33,37,46
8,11,12,25,35,44,46
3,18,27,29,31,43,45
5,9,13,19,25,40,42
2,8,12,26,27,32,44
7,10,19,24,41,42,44
5,6,20,22,25,38,45
5,7,11,23,33,36,44
2,13,17,31,42,45,46
9,16,22,23,28,39,48
5,14,31,34,36,39,46
5,6,11,23,38,43,48
3,18,24,28,33,39,43
6,7,15,23,36,38,47
2,8,20,24,32,37,43
2,9,12,24,28,39,44
7,9,13,20,36,41,47
2,15,16,24,28,33,43
6,8,21,35,42,45,49
2,11,15,18,33,43,46
5,6,19,24,30,37,38
6,9,17,30,38,47,50
3,9,11,14,34,42,43
8,9,21,23,34,42,47
5,9,19,25,38,47,49
4,14,16,20,24,30,36
4,12,24,33,35,38,42
2,8,14,19,33,37,38
4,10,17,28,36,44,45
4,7,11,19,28,39,41
6,11,16,20,28,40,43
6,16,23,28,34,39,42
5,6,17,18,30,46,47
4,12,16,22,31,32,47
2,17,19,23,32,34,38
8,10,16,19,29,46,48
2,11,17,20,25,38,46
5,11,18,19,30,40,49
5,11,17,18,28,32,49
2,8,18,21,27,32,42
8,11,14,23,26,36,41
7,13,18,25,28,36,46
5,10,20,22,37,42,48
3,14,19,28,36,38,47
3,5,22,32,33,44,45
7,13,17,22,35,43,50
7,11,15,28,32,47,48
2,3,15,19,34,44,46
7,17,20,21,26,43,46
4,7,18,22,30,35,47
1,10,12,24,35,40,45
1,12,13,21,38,40,43
4,10,17,22,28,36,45
2,11,17,23,30,32,46
4,8,20,25,37,38,43
6,7,21,29,40,45,49
3,11,14,24,26,28,39
4,6,15,21,26,32,45
5,6,28,33,41,43,49
5,9,20,31,34,45,46
6,11,16,26,38,42,48
3,16,28,33,39,45,46
2,3,13,20,36,39,42
6,11,12,17,30,39,44
4,7,22,24,32,37,45
2,3,13,29,31,39,44
2,14,20,21,25,39,46
6,16,17,18,24,42,45
7,11,23,36,43,44,45
6,11,12,25,31,45,49
2,7,16,28,32,36,42
4,8,18,24,28,43,46
5,13,22,26,27,34,45
5,7,21,28,33,37,49
2,9,19,22,34,41,46
10,11,13,20,21,45,47
2,10,13,20,28,44,45
8,16,22,24,29,39,47
8,20,24,27,28,39,48
2,7,19,28,39,44,45
4,5,12,19,29,30,41
2,10,23,27,28,36,46
2,9,12,19,30,39,42
6,13,15,20,25,31,50
8,12,13,22,23,43,47
5,7,16,28,38,45,48
2,10,11,22,31,38,42
4,10,18,24,33,42,44
7,10,13,23,26,36,47
4,14,17,26,28,41,48
3,16,19,25,32,42,45
2,10,17,20,33,43,45
3,6,21,29,37,41,45
5,14,16,22,27,38,49
3,6,17,19,33,43,47
3,7,18,21,23,41,47
6,14,20,23,29,47,48
1,9,16,20,29,43,44
7,16,18,25,26,36,48
7,14,23,31,39,45,46
4,5,13,22,27,31,44
3,7,8,36,43,45,46
5,14,25,28,29,37,42
6,13,17,20,29,35,46
8,11,12,20,34,43,48
4,9,27,28,30,36,44
9,18,20,22,31,41,47
4,7,24,26,28,39,44
2,20,25,33,36,40,41
2,6,16,21,26,27,46
3,16,21,23,27,35,44
4,17,19,24,31,39,44
4,6,16,19,25,40,48
3,12,18,19,27,43,47
6,13,23,28,34,43,49
2,17,20,23,24,28,42
6,8,9,21,26,43,49
3,4,11,19,30,39,43
8,11,15,16,25,32,38
4,6,9,20,29,42,45
1,14,16,17,32,33,41
8,12,25,33,37,39,47
7,11,14,22,40,45,50
5,11,17,20,30,34,45
6,13,17,24,25,40,47
7,17,19,29,37,42,48
3,13,14,20,29,42,46
6,9,14,16,22,30,47
6,9,18,24,31,42,49
2,11,13,23,26,28,45
13,17,18,22,25,30,47
1,5,11,13,33,42,43
5,6,19,31,32,36,48
9,12,17,31,35,37,40
6,11,24,30,38,44,49
9,10,12,21,27,41,50
3,6,13,27,28,32,47
1,17,20,25,29,44,45
11,14,20,24,28,40,47
7,10,22,31,36,38,48
5,13,19,23,35,40,48
8,10,17,18,21,40,45
2,14,18,30,32,39,44
4,8,14,23,25,29,37
10,11,18,22,27,38,50
5,6,27,30,35,41,49
3,16,23,26,31,39,43
3,10,21,27,35,43,46
6,10,14,26,27,29,47
4,8,16,21,36,37,47
5,10,12,22,25,42,46
11,13,23,24,31,35,41
5,11,13,20,37,41,47
10,14,23,28,29,32,44
9,10,11,22,32,43,50
2,11,23,26,27,41,45
3,15,20,32,37,42,43
2,3,10,19,35,41,43
8,16,18,24,27,36,47
1,8,10,25,35,39,44
1,7,19,25,33,35,42
4,10,11,26,28,44,48
11,18,21,26,36,37,44
7,14,15,23,26,46,49
6,10,11,13,27,35,46
5,12,13,24,33,41,45
3,14,24,29,37,40,46
1,11,18,25,33,38,40
6,12,21,23,32,38,45
9,13,22,26,30,40,47
4,12,13,17,38,41,48
8,14,23,24,29,39,49
5,9,22,23,35,42,46
5,12,19,21,34,37,40
3,11,18,24,30,32,41
2,8,16,20,37,43,44
2,7,11,17,34,43,46
10,13,17,27,36,39,41
3,9,17,20,26,38,39
6,11,21,28,33,43,45
4,14,25,29,32,45,47
4,7,17,29,31,41,48
7,12,13,14,22,39,44
6,15,19,29,39,41,47
8,12,15,19,43,45,49
4,11,24,26,27,35,40
6,12,16,28,43,45,47
7,9,14,21,34,39,44
4,9,15,19,25,36,48
4,9,15,19,29,34,46
3,4,15,25,30,33,41
2,9,11,18,19,36,45
5,6,15,28,38,44,45
1,17,20,30,36,40,43
3,7,12,23,39,40,46
5,6,23,29,30,36,46
4,7,23,34,35,38,39
5,8,16,24,29,34,49
6,9,15,25,27,38,46
2,10,19,22,31,38,44
7,14,15,18,35,36,40
12,14,21,23,36,43,46
6,14,17,25,30,42,46
7,9,23,28,30,38,47
2,3,25,32,42,43,44
1,10,14,18,24,36,44
1,8,12,22,30,38,44
4,12,22,29,32,43,48
2,4,11,31,38,42,43
5,20,21,27,34,40,43
11,13,16,21,23,35,46
7,11,19,28,31,32,44
4,18,19,25,34,39,44
5,10,12,19,27,44,45
4,6,13,23,24,33,44
10,11,18,23,33,45,47
1,10,19,24,35,39,41
2,6,12,25,31,33,39
2,6,28,33,42,44,46
2,19,22,27,28,38,43
3,4,8,30,37,40,46
3,8,14,23,26,36,47
10,12,14,18,29,36,49
4,13,18,21,28,29,47
4,9,11,24,37,41,43
8,10,14,19,40,43,49
1,9,13,23,31,37,44
5,15,20,25,28,34,49
6,16,20,24,41,46,47
9,13,15,24,38,41,47
4,13,22,29,35,40,48
1,4,14,29,41,42,44
1,17,23,25,29,37,44
5,11,19,22,35,39,48
6,18,19,27,36,42,47
5,14,15,26,29,37,47
6,13,21,24,29,40,41
5,7,10,25,40,42,48
7,16,19,27,37,47,49
7,10,18,23,28,44,45
1,3,15,22,38,43,45
1,4,18,23,39,40,43
10,11,21,26,27,29,48
7,16,18,34,37,47,48
1,8,11,20,37,40,42
3,8,13,22,25,36,47
11,13,18,24,37,43,48
3,9,11,26,29,37,39
2,10,17,18,30,34,42
2,12,20,32,36,42,45
3,12,14,28,34,42,44
7,15,16,20,38,41,47
5,11,16,18,35,39,48
5,6,10,22,35,40,43
8,9,11,20,39,44,46
7,9,16,22,26,38,46
12,18,19,23,33,39,43
6,11,20,23,24,43,44
5,6,17,35,40,41,49
5,11,14,20,27,39,49
4,8,11,24,28,32,48
9,13,17,27,37,40,49
2,4,10,17,35,43,46
2,5,22,23,38,43,44
9,11,12,23,25,32,42
4,12,16,20,24,41,43
1,8,15,22,30,39,41
2,6,14,23,37,39,42
5,17,25,26,27,29,48
7,8,19,32,38,39,48
4,17,18,20,34,36,43
3,4,15,19,24,33,42
2,5,12,22,30,34,40
5,9,24,25,27,46,48
11,15,17,23,25,28,41
1,8,16,37,40,41,43
7,11,14,15,36,46,48
6,11,13,24,37,41,48
4,12,17,27,29,33,48
1,8,17,23,25,37,45
7,13,14,15,23,38,49
7,9,18,27,32,35,48
7,11,15,22,39,46,47
2,17,20,28,31,38,42
7,14,21,25,38,41,44
3,18,21,29,31,38,47
6,9,23,31,35,43,45
3,7,14,23,43,45,47
3,10,14,24,29,32,47
4,10,27,33,36,41,44
5,7,15,28,33,38,49
2,6,14,23,31,40,46
2,13,18,22,27,33,45
6,11,22,23,33,40,46
6,8,10,23,29,42,43
4,5,25,35,36,43,48
3,11,24,30,34,36,47
3,14,17,22,30,40,47
5,6,9,28,36,40,47
6,9,10,20,38,41,47
12,15,24,26,28,36,44
5,9,15,30,42,45,47
1,12,15,23,29,39,42
5,6,15,29,36,38,43
2,6,13,28,29,40,44
2,12,15,18,38,41,45
1,4,16,24,27,44,45
6,17,19,22,32,38,47
4,6,28,31,36,41,42
8,17,21,23,39,44,49
5,8,18,23,26,45,48
6,8,10,33,38,39,40
7,10,18,19,28,29,45
5,13,23,28,32,41,49
3,9,16,30,43,45,47
6,13,19,25,33,37,48
7,11,12,28,31,44,47
3,15,16,22,32,37,46
2,4,10,19,33,36,41
4,7,9,20,35,41,42
8,13,16,19,28,34,49
4,10,20,30,37,40,44
7,9,24,26,36,38,46
4,9,17,31,39,43,48
3,10,16,33,38,41,42
10,13,15,29,37,40,48
3,13,17,18,36,40,47
2,10,13,28,38,40,43
6,15,18,19,20,42,46
7,10,28,36,38,39,49
6,13,26,29,32,38,44
10,15,19,22,38,41,43
5,12,14,27,38,41,46
8,10,16,18,35,36,46
3,6,16,22,34,40,42
3,18,21,25,27,35,42
3,5,8,19,35,38,46
4,9,25,26,39,44,48
4,10,11,29,39,40,48
2,11,13,23,31,33,45
5,16,23,31,36,40,48
1,8,16,18,24,39,45
4,6,26,28,30,44,47
8,12,23,27,34,40,48
11,12,13,26,27,31,46
3,4,12,26,29,35,46
8,19,21,23,36,39,45
3,7,20,23,37,38,41
3,6,10,30,34,40,42
5,7,16,23,39,43,47
6,17,26,35,36,38,47
2,9,18,33,36,39,43
1,8,29,31,36,41,44
7,16,18,25,34,45,49
4,10,11,25,28,40,47
1,20,24,27,31,35,44
8,14,19,20,31,36,46
2,8,11,19,33,42,46
8,10,13,22,35,43,48
4,12,13,34,36,45,47
2,8,14,32,35,44,45
8,10,19,30,36,41,47
4,10,19,32,40,41,48
7,9,15,21,34,45,49
4,11,20,32,35,43,48
2,12,17,32,33,37,43
3,5,18,28,31,41,45
3,13,14,16,30,35,42
3,10,12,24,29,41,47
7,12,16,21,28,47,48
9,11,18,34,41,46,49
8,12,22,24,30,33,47
1,4,19,29,30,38,43
5,13,30,36,38,39,49
4,11,19,21,28,32,43
6,9,13,21,33,44,46
9,10,14,18,26,42,49
1,6,14,15,35,37,45
5,6,15,19,34,38,46
11,17,21,24,30,34,47
7,14,20,37,40,43,49
8,10,12,21,33,38,49
7,10,12,22,25,34,48
8,10,13,20,36,39,46
5,8,13,28,31,43,45
1,6,18,29,31,38,44
10,15,18,20,26,38,45
5,20,21,33,36,38,48
6,10,16,25,31,41,44
4,15,21,28,31,41,47
2,8,20,29,31,35,46
5,10,13,17,33,34,47
5,6,12,29,34,36,41
2,3,13,21,33,45,46
1,5,20,28,37,39,44
2,6,21,29,33,41,46
2,8,11,23,37,41,44
1,17,20,28,29,39,42
6,14,15,29,35,44,48
2,5,17,22,24,41,46
5,12,19,26,39,41,46
2,7,21,25,29,36,45
5,8,21,32,34,42,48
2,15,19,25,26,32,43
7,10,16,26,37,40,49
4,8,20,25,26,31,44
1,17,19,25,28,40,43
7,12,15,25,33,39,45
1,9,16,23,26,37,42
6,9,14,21,30,37,49
4,15,18,21,36,42,48
7,8,21,29,35,42,45
1,10,15,17,24,37,43
1,9,19,20,36,39,41
7,15,17,22,38,41,48
5,14,15,20,25,38,49
9,11,14,29,35,39,46
6,11,19,22,35,47,49
5,6,14,16,34,37,45
5,16,18,27,28,31,43
2,11,15,22,39,44,45
3,9,13,23,25,44,45
7,13,17,18,26,42,48
4,16,24,34,36,42,48
3,9,12,28,33,40,43
6,8,19,31,38,39,48
2,9,15,34,37,40,46
9,11,20,22,27,33,47
2,4,16,25,32,39,42
8,11,18,20,28,35,42
13,14,20,23,34,45,46
1,11,16,18,36,38,43
4,12,13,32,34,36,40
3,17,28,34,36,44,47
3,19,21,26,32,35,39
3,10,18,21,34,35,44
2,4,10,28,39,44,45
5,16,20,23,34,46,48
1,9,23,28,33,42,45
6,11,18,23,35,39,46
4,12,29,31,33,40,48
1,9,16,23,26,32,42
4,6,12,20,35,39,47
5,6,18,20,24,33,46
8,9,20,32,35,36,42
5,10,16,23,31,37,47
2,5,19,25,39,40,45
5,11,12,18,22,28,46
7,12,14,19,23,45,48
6,14,18,26,38,43,49
8,17,19,23,38,39,49
9,15,24,25,40,41,48
4,6,10,25,30,41,45
2,3,13,19,36,45,46
2,5,12,18,32,36,46
7,10,22,24,28,36,42
5,8,12,18,32,40,47
9,11,16,23,27,29,46
2,8,19,22,28,29,42
9,17,22,28,34,35,44
10,11,16,26,28,41,45
5,9,18,22,30,45,48
4,5,17,19,27,38,41
2,10,20,21,35,36,45
1,7,28,30,33,43,44
5,7,19,23,31,37,42
4,6,19,25,39,42,47
9,12,14,24,28,36,45
4,12,17,28,32,40,46
9,14,16,19,36,41,47
7,18,25,29,36,38,46
7,9,22,33,36,43,47
1,8,14,22,29,30,36
3,7,25,32,33,36,38
11,14,17,24,37,39,46
9,18,19,25,29,36,47
1,11,16,20,33,38,41
9,12,16,18,23,43,47
3,10,20,32,33,44,47
14,16,21,22,36,38,45
5,12,16,18,36,39,46
5,10,20,22,25,41,43
1,13,23,25,34,38,45
8,14,15,23,26,35,48
2,6,19,20,36,43,45
7,8,23,28,29,47,49
3,8,23,28,34,36,44
9,11,14,26,33,43,48
3,12,27,33,39,46,47
5,7,9,36,38,39,45
5,6,14,15,29,38,47
6,7,21,30,31,39,49
2,5,12,19,36,45,46
2,9,17,30,33,36,38
2,5,16,20,36,38,44
2,17,21,28,33,35,44
8,13,16,28,29,42,49
12,15,20,24,32,38,48
6,18,20,22,25,32,49
6,9,11,16,32,38,41
3,9,19,29,42,43,46
4,12,15,20,24,30,38
6,10,14,32,36,42,44
3,13,28,32,33,43,46
1,3,16,24,27,38,42
4,5,16,23,27,32,47
2,12,15,22,23,31,41
5,10,12,34,39,44,46
3,7,19,30,36,40,46
3,12,16,17,33,44,47
3,14,25,32,35,44,45
7,14,24,27,31,34,50
1,15,17,21,39,40,45
4,9,13,28,29,38,39
5,12,16,31,33,41,46
4,5,11,24,32,33,48
2,5,18,33,34,38,42
6,17,18,23,36,47,48
3,11,16,28,31,42,45
7,11,18,23,32,33,45
4,8,13,37,38,46,48
1,7,16,23,36,40,41
4,12,24,26,32,37,40
2,12,16,19,29,37,45
9,16,17,19,25,47,49
9,10,13,23,37,42,48
5,19,21,24,25,29,49
7,9,25,26,27,33,48
5,7,15,25,36,39,42
5,17,28,32,37,39,47
1,8,13,15,19,42,44
7,8,18,27,32,36,46
6,9,21,31,32,42,49
4,11,19,22,24,35,36
2,5,16,26,34,43,44
7,8,12,20,28,30,48
6,9,25,26,34,36,48
2,3,12,21,31,32,45
6,8,14,19,39,44,49
2,10,14,19,39,41,45
5,20,21,28,31,39,49
5,11,18,23,24,34,46
9,14,16,21,29,34,42
5,6,20,24,25,33,43
2,12,14,25,33,38,41
2,10,12,14,34,40,46
7,12,16,27,32,36,45
1,3,12,16,34,36,40
10,12,21,31,33,45,47
1,9,22,23,38,42,45
4,12,15,26,31,37,47
6,13,14,18,29,45,50
1,9,13,15,35,40,42
8,16,19,20,25,36,47
2,4,19,28,35,40,41
8,10,13,27,28,36,43
2,15,17,30,31,37,46
8,11,14,36,40,41,46
7,14,20,25,30,32,49
4,6,19,28,33,43,46
3,7,12,24,37,39,40
10,18,21,24,36,39,47
3,7,17,26,29,30,43
3,6,18,35,38,39,47
5,6,15,19,26,36,37
8,12,13,21,34,36,48
7,14,15,23,36,37,46
4,15,19,20,36,43,47
6,16,17,20,35,40,43
5,9,14,26,28,38,47
10,14,15,32,38,42,48
7,16,18,19,32,42,50
2,8,23,30,32,43,46
1,6,18,21,24,39,45
6,11,14,18,29,37,48
2,10,16,22,39,40,43
9,12,24,35,36,38,49
4,15,21,25,40,44,47
5,6,24,28,30,44,46
3,10,20,23,27,39,42
5,12,19,32,38,39,45
4,10,14,30,32,41,44
2,6,21,23,29,31,43
6,14,15,19,22,45,46
7,12,18,22,31,42,43
4,16,23,24,26,42,48
6,14,16,28,39,42,50
1,22,24,25,26,42,44
1,5,10,30,36,37,39
7,14,18,27,30,36,49
2,9,16,20,23,38,41
3,10,17,23,37,43,47
7,9,11,21,39,44,48
9,10,14,20,38,39,42
2,9,27,30,32,36,40
6,9,10,36,44,45,48
2,6,18,25,26,30,43
3,12,16,18,31,37,45
9,11,12,20,27,44,47
7,12,14,26,31,45,49
2,10,15,26,29,37,43
4,8,16,19,27,31,47
7,13,21,24,31,40,49
6,13,21,27,38,40,44
8,9,27,28,30,41,46
5,8,15,28,30,45,49
5,6,17,21,28,43,47
1,8,14,16,29,33,45
2,8,9,25,38,41,43
2,15,18,28,36,43,45
1,7,13,19,27,37,45
4,10,12,18,35,45,47
8,9,20,24,31,37,46
11,13,15,25,31,37,49
1,5,17,29,34,41,45
8,10,16,25,37,38,50
5,14,18,35,39,42,46
1,10,13,28,31,33,39
1,14,16,28,35,37,42
9,12,19,33,35,38,41
4,12,13,25,42,46,47
1,18,23,24,37,38,44
6,9,13,18,19,39,47
5,6,10,19,22,40,48
1,15,20,22,26,39,45
4,13,23,25,26,43,46
6,8,24,26,31,34,46
5,7,22,23,32,37,47
7,12,13,32,37,39,45
5,8,12,20,31,42,46
6,13,14,34,39,45,46
5,13,19,25,31,45,46
1,4,10,28,37,38,40
10,11,12,24,31,39,40
5,11,12,33,35,39,44
2,8,15,34,39,42,43
2,6,13,32,41,42,43
6,10,13,25,31,34,36
4,8,24,31,35,36,48
4,8,11,17,30,32,46
11,18,20,24,32,34,49
9,13,15,24,33,38,48
11,15,17,20,24,38,49
4,7,13,33,37,38,42
6,10,11,20,25,41,48
6,9,14,22,28,32,44
1,2,23,27,37,39,42
2,5,18,33,36,38,40
3,9,20,28,36,41,47
9,15,17,24,29,41,49
8,14,16,23,25,33,39
2,9,19,26,29,33,44
8,17,19,25,26,39,44
8,13,18,28,31,40,46
4,9,14,24,31,35,39
2,9,15,23,30,36,46
4,12,15,20,36,41,48
3,16,23,32,37,44,46
6,10,18,32,33,46,49
4,5,21,23,26,37,46
5,10,15,19,24,27,44
8,10,21,30,31,41,48
2,7,17,19,24,41,46
7,9,17,24,26,40,48
8,13,21,29,34,42,47
1,16,17,19,23,38,45
2,3,12,24,28,41,45
6,11,13,21,23,43,48
7,14,18,28,37,39,49
1,7,12,22,35,36,41
2,7,12,23,26,39,46
4,12,15,21,36,43,45
6,14,16,25,27,33,43
5,9,18,21,26,43,46
5,6,15,30,31,40,41
2,8,19,28,34,44,45
6,14,21,27,29,45,49
7,11,20,29,37,38,45
6,11,21,32,34,36,41
10,11,16,17,28,35,48
9,11,19,20,29,39,44
1,9,16,17,28,38,45
12,13,14,22,38,39,49
6,12,17,25,33,36,49
8,9,18,24,39,42,49
2,16,19,22,29,33,39
3,11,14,27,35,46,47
1,15,19,23,29,37,45
11,14,16,19,33,44,48
3,5,23,25,35,39,42
4,13,18,27,32,33,46
1,5,17,33,43,44,45
8,12,16,34,43,46,47
5,6,18,21,27,38,47
5,8,14,29,38,44,49
2,18,21,25,28,40,43
4,6,11,31,36,37,39
5,7,17,21,23,35,47
2,10,18,22,24,44,45
2,17,19,21,26,43,45
3,13,15,19,23,32,45
6,7,14,24,44,45,50
7,10,13,33,36,42,45
8,14,19,23,31,40,46
9,15,25,30,32,34,43
10,12,18,25,26,35,45
3,9,16,30,37,45,46
4,9,15,24,26,42,47
5,6,16,21,27,33,49
8,10,11,21,37,44,45
4,17,19,20,22,33,46
4,14,17,19,30,33,47
2,9,21,26,28,33,46
3,13,16,26,36,45,47
5,11,22,26,29,44,46
1,8,12,20,36,41,44
5,11,13,21,29,39,48
1,10,14,25,34,40,42
6,11,13,18,35,40,47
5,17,24,34,38,40,49
13,14,21,22,24,33,43
6,10,13,22,38,42,50
1,15,21,22,38,40,45
5,13,22,28,30,44,47
10,14,19,26,33,34,47
6,9,14,15,38,40,47
3,16,20,22,36,45,47
7,9,10,18,39,43,45
1,4,13,25,26,33,41
3,4,16,27,36,38,42
3,8,19,22,24,34,46
4,10,15,25,29,39,48
3,12,15,25,33,42,45
5,11,23,25,30,39,40
3,6,17,23,37,43,46
5,16,17,22,24,37,45
2,13,14,23,36,43,45
6,15,16,19,23,41,48
6,8,9,25,33,39,43
7,12,17,20,27,47,49
1,11,12,29,31,40,41
7,17,20,26,30,39,44
5,13,18,28,31,33,47
7,11,12,31,40,46,48
2,7,17,25,31,41,43
9,10,22,26,27,38,46
5,6,7,23,25,35,45
7,13,18,28,29,43,49
5,8,13,23,25,29,43
1,7,18,20,23,32,45
2,5,24,36,39,41,45
4,9,15,17,24,38,41
4,8,9,18,33,40,48
1,6,12,29,32,33,45
3,10,18,32,34,40,43
2,9,13,23,25,27,46
6,16,20,30,34,40,43
4,10,11,33,38,42,47
3,16,19,22,25,32,44
3,10,15,29,33,37,38
10,15,18,24,26,34,42
4,10,21,25,35,40,46
4,11,23,25,30,35,38
2,5,10,28,32,38,41
2,12,28,29,34,39,40
4,6,13,17,31,40,46
1,5,16,18,30,34,42
7,9,15,24,32,33,46
7,10,11,23,31,34,41
2,8,15,29,31,43,45
6,12,14,17,36,39,47
4,15,17,21,30,45,48
2,6,12,16,37,39,45
2,12,15,17,29,38,42
13,15,18,22,40,41,46
5,12,18,25,35,36,39
4,14,15,30,38,39,48
1,17,20,23,26,41,45
3,12,14,20,39,45,47
5,14,22,30,37,44,47
3,6,14,35,37,44,46
6,11,15,21,28,34,48
6,11,21,24,39,42,43
4,17,19,25,36,44,46
10,14,15,32,38,46,49
11,13,19,25,34,37,46
4,13,17,23,35,42,47
7,10,14,18,35,44,48
4,11,13,29,38,42,45
1,8,16,23,30,38,45
6,11,27,32,35,43,49
4,6,12,29,36,38,42
1,10,18,31,38,39,45
1,14,21,22,26,38,39
4,11,16,25,28,34,36
5,11,18,28,32,44,45
3,12,24,25,34,42,43
6,11,16,23,39,44,47
4,9,22,25,28,33,48
1,9,22,25,31,32,41
5,6,17,30,33,39,46
5,10,11,16,22,40,49
9,10,24,28,31,45,50
6,8,14,17,26,36,46
9,10,20,29,34,39,45
3,7,13,34,36,39,46
2,12,14,21,36,37,38
1,6,12,21,28,36,37
3,8,12,17,33,44,46
9,11,19,22,31,41,46
3,6,10,21,31,45,47
4,11,15,30,42,45,46
9,12,24,33,36,37,47
5,13,14,17,21,46,48
7,9,17,24,25,43,49
3,13,26,30,34,45,46
5,8,14,19,20,35,48
12,15,16,23,39,45,47
8,11,15,19,25,45,50
7,13,17,25,31,39,40
9,16,18,31,33,37,46
4,16,24,28,29,39,48
11,14,18,28,34,36,45
6,9,15,20,32,38,48
4,11,19,26,28,41,45
5,6,16,33,37,43,45
5,11,15,25,36,43,49
4,6,13,21,32,38,46
5,6,12,22,29,41,43
5,6,22,33,39,44,49
6,10,11,24,29,31,48
6,7,13,24,40,46,48
2,9,27,28,38,42,43
4,9,21,29,30,35,46
2,5,11,18,29,43,44
3,13,16,17,21,30,42
3,9,10,15,29,41,45
9,14,18,22,33,41,45
4,18,22,24,29,35,43
3,15,20,23,26,35,42
1,16,30,36,38,39,43
8,14,18,26,29,36,48
7,8,16,25,28,44,49
2,11,21,22,32,39,45
7,13,16,26,32,39,48
2,10,17,30,34,36,40
7,8,26,27,35,38,42
2,10,17,18,26,42,44
6,9,16,22,30,42,43
5,13,20,23,28,32,46
5,11,12,30,35,37,45
2,5,11,32,38,43,46
4,14,18,23,34,40,48
10,11,17,18,28,35,46
2,8,10,37,38,41,45
6,8,11,30,33,36,47
11,18,19,28,29,41,49
3,7,17,20,22,36,42
2,6,13,23,30,32,42
9,14,18,25,33,42,45
4,13,17,34,37,45,47
2,8,13,27,32,42,45
9,13,18,23,36,39,40
6,15,17,28,41,45,46
2,11,18,33,39,43,45
5,10,12,15,28,34,49
2,16,20,24,32,40,44
5,6,12,26,36,44,47
4,17,19,25,39,43,48
4,6,14,22,31,45,48
4,10,15,21,24,36,45
7,16,23,26,38,41,45
1,10,19,20,25,38,39
3,13,24,27,33,41,46
5,11,12,18,27,42,47
6,11,15,23,26,33,48
1,4,12,26,27,29,45
6,7,16,34,37,43,46
3,7,19,21,36,41,45
6,14,16,22,37,42,49
1,13,22,25,29,35,39
5,15,17,25,29,34,42
8,10,13,17,30,36,48
2,17,22,23,25,41,44
7,8,11,15,40,41,49
10,18,23,28,29,33,47
2,4,14,23,40,44,46
1,7,12,28,29,39,45
5,16,20,31,38,40,49
3,9,17,32,34,39,45
4,15,21,26,30,37,45
3,9,19,22,38,42,46
4,19,21,22,38,44,48
5,12,16,24,36,43,47
1,9,18,24,33,34,44
4,9,10,22,23,32,47
5,11,18,19,20,29,45
9,10,14,25,39,45,46
8,9,17,25,29,47,50
3,7,13,26,31,43,44
4,9,14,20,24,35,44
5,11,14,25,36,42,47
2,16,21,32,35,40,45
7,12,21,22,29,47,49
5,7,9,21,32,41,42
5,11,13,24,28,43,48
7,15,24,30,35,38,45
5,9,20,23,39,46,48
6,17,26,29,30,35,45
8,11,18,22,32,44,46
2,9,11,20,32,36,45
8,18,24,25,28,34,44
5,15,18,20,31,43,46
4,10,17,26,35,43,48
6,9,15,20,32,38,45
8,19,23,30,33,38,43
2,6,15,23,24,39,45
9,10,18,22,34,38,48
5,23,24,25,27,37,47
4,6,12,29,35,36,40
6,12,13,29,35,43,50
2,19,22,28,30,43,44
3,9,14,19,21,43,45
2,5,20,30,36,37,46
3,10,13,22,34,35,46
5,15,21,30,31,33,44
13,15,16,26,34,43,49
8,10,13,21,30,34,42
2,9,17,19,27,42,46
7,17,24,29,30,33,50
3,7,32,34,43,45,46
9,11,14,21,26,44,46
5,8,9,13,38,44,47
8,12,19,25,29,31,49
1,4,14,26,31,32,45
4,17,22,30,31,38,48
1,12,17,20,24,34,45
5,9,18,26,33,42,49
9,13,16,23,31,46,48
6,9,13,22,26,46,47
3,12,19,29,39,43,46
5,7,18,24,27,37,45
9,12,20,29,31,36,47
4,8,15,22,35,45,46
9,12,16,17,22,48,49
6,10,18,22,33,36,49
5,15,27,34,35,42,49
1,9,10,24,34,40,41
3,4,19,32,38,39,45
5,7,13,18,32,37,48
2,3,17,27,36,37,40
6,10,12,18,42,48,49
7,9,20,31,32,36,48
3,9,20,23,39,42,44
6,8,16,18,29,31,36
4,9,20,28,42,43,46
11,12,21,27,29,37,48
4,11,23,30,40,45,46
3,11,20,24,35,36,46
8,14,19,34,38,39,44
3,9,22,28,29,32,41
6,7,19,24,27,36,42
2,9,14,31,34,35,40
4,8,11,19,37,42,44
4,12,14,19,20,36,48
9,12,18,22,36,38,48
6,11,16,25,37,41,49
3,9,16,29,32,39,42
4,9,21,29,31,32,45
11,13,18,32,33,46,50
5,11,16,20,25,39,46
5,11,22,23,29,45,46
7,11,17,19,22,38,45
1,17,19,24,32,34,44
7,10,16,17,38,43,46
5,11,25,31,33,40,45
3,7,15,22,38,40,45
7,16,17,25,34,41,48
3,5,18,19,34,43,44
7,9,14,24,28,38,42
4,5,16,21,22,28,47
3,7,13,18,35,42,43
1,4,17,23,31,36,45
7,9,20,24,29,45,47
5,17,23,24,37,45,46
3,4,8,16,28,39,42
6,10,18,19,28,39,47
2,7,14,22,38,40,45
5,9,10,20,21,36,39
5,7,16,33,36,47,49
7,11,18,19,40,44,49
6,9,21,26,38,44,45
2,11,14,23,29,44,45
3,12,20,27,31,38,46
6,10,14,24,34,36,49
5,15,16,34,37,41,42
4,9,24,26,27,38,41
5,6,20,23,32,38,39
5,18,19,21,34,36,46
2,9,17,28,34,44,45
3,13,17,27,38,44,46
9,10,23,31,38,45,49
6,12,14,29,37,38,48
10,11,19,36,38,39,41
9,15,16,18,27,28,47
3,4,14,30,36,37,42
9,12,26,28,36,41,48
6,12,18,20,21,38,39
8,14,18,26,38,41,49
9,14,23,28,38,39,50
6,13,17,25,42,44,45
6,11,18,29,37,40,47
2,5,12,32,37,42,44
7,9,10,23,24,35,43
4,17,23,24,38,44,46
4,10,14,25,31,40,44
5,20,21,36,41,42,44
3,17,25,26,42,43,47
1,16,26,27,31,35,45
4,12,18,22,31,41,46
4,14,16,20,24,33,39
2,4,18,22,24,36,46
7,8,11,30,37,41,45
3,9,26,31,33,44,45
7,9,21,28,42,44,45
2,9,21,34,36,41,46
2,15,24,33,34,37,45
10,11,20,31,37,40,45
3,15,17,22,29,35,40
5,6,15,23,35,44,47
2,4,13,23,34,40,44
3,10,20,30,37,40,43
4,7,15,22,27,37,41
6,17,25,27,39,45,49
2,4,15,25,30,40,44
3,12,14,33,36,41,44
6,12,20,23,28,45,49
2,9,18,31,38,43,44
1,16,17,23,34,41,45
8,13,21,23,30,37,39
1,7,19,27,29,44,45
4,6,10,19,26,33,46
2,6,9,17,35,43,46
4,5,26,31,34,42,48
2,12,24,25,28,41,45
1,9,18,20,23,36,43
5,8,18,24,29,46,49
6,12,16,30,38,39,40
6,10,14,17,38,40,47
2,6,12,20,26,33,45
2,16,18,20,36,39,45
2,11,17,21,27,32,46
5,15,24,28,39,41,48
5,11,16,23,32,40,44
4,9,18,23,40,41,42
6,9,16,31,37,46,48
3,6,21,30,33,34,47
10,15,16,20,42,43,49
4,11,28,32,39,41,42
3,5,15,18,29,33,45
1,4,14,19,25,34,44
5,16,19,26,32,33,45
5,11,14,18,26,43,48
2,8,24,26,36,39,44
3,15,21,24,27,32,43
2,9,16,21,25,42,46
8,14,16,21,31,33,41
1,7,19,25,26,37,42
3,11,15,23,35,42,45
1,8,21,23,25,42,45
3,10,21,23,26,43,46
1,9,16,19,24,40,45
9,10,12,27,30,39,42
6,12,15,25,29,45,49
3,17,18,21,29,35,40
5,9,14,22,40,45,48
7,10,11,19,26,40,43
8,12,15,25,31,37,41
5,11,18,25,38,41,46
4,9,16,26,32,43,48
1,11,14,21,24,39,44
6,9,13,25,29,35,45
7,17,21,23,29,41,48
5,11,27,29,31,44,46
8,10,23,27,32,39,46
9,11,18,23,29,39,41
3,12,20,26,28,41,42
3,14,15,16,29,33,47
5,9,15,29,32,36,48
1,10,22,31,33,39,44
6,10,18,23,24,43,44
7,14,18,32,35,44,48
5,16,18,21,34,42,48
4,6,8,24,34,42,47
1,9,23,26,31,37,44
1,8,16,28,35,39,45
8,10,14,22,30,31,49
1,8,24,30,34,42,43
3,5,13,25,34,37,43
9,12,15,18,23,43,48
4,8,14,21,26,44,47
5,7,15,22,38,43,49
5,18,20,25,32,44,48
3,14,15,22,36,37,46
7,8,12,24,26,38,45
4,10,11,21,23,43,46
2,16,21,29,41,44,45
6,11,18,24,38,43,47
7,14,18,28,30,43,44
5,9,16,22,28,41,49
3,6,18,29,39,41,45
2,4,19,31,36,37,45
12,15,20,27,30,35,48
3,17,24,37,38,40,45
1,5,23,28,34,39,42
4,11,18,22,26,32,39
1,18,21,24,37,38,45
2,12,15,21,28,33,42
4,6,12,25,31,35,46
2,6,22,31,38,40,45
6,10,21,23,33,47,48
1,6,9,16,38,41,42
7,16,17,19,23,36,38
7,15,18,25,27,37,45
6,13,14,15,26,35,46
2,8,16,23,31,36,44
4,15,24,30,33,35,47
5,10,13,17,33,34,44
1,5,24,29,32,42,45
3,11,17,33,35,36,46
7,10,15,27,39,44,47
1,4,14,16,33,37,38
12,14,19,29,30,34,48
10,13,19,28,38,43,48
5,7,21,24,29,41,44
3,7,12,22,26,30,47
7,12,21,25,32,37,43
4,11,13,16,19,33,47
3,5,16,32,35,38,41
5,9,19,20,34,37,41
6,10,11,26,29,43,45
5,6,12,16,31,37,48
5,15,19,21,22,34,45
5,8,16,22,29,34,38
5,15,27,31,37,38,48
2,5,10,35,39,42,43
3,9,14,27,33,36,41
7,16,18,23,31,32,43
5,11,15,20,28,30,46
6,8,10,21,37,38,44
4,14,17,22,28,30,47
2,15,23,30,36,37,44
9,17,20,28,29,36,49
8,10,12,16,22,34,47
5,7,18,19,24,34,39
8,9,19,30,32,39,46
1,13,15,18,26,41,45
8,12,18,30,38,46,49
8,17,22,31,35,39,49
11,14,23,28,29,44,49
3,7,16,18,28,33,39
10,13,24,29,30,42,46
7,10,13,26,37,39,44
7,14,20,26,39,41,47
3,7,18,20,36,41,47
3,9,21,27,29,42,47
5,6,28,32,41,45,46
1,6,21,22,25,40,42
9,13,16,24,37,41,48
8,11,15,20,28,45,50
9,10,24,30,38,41,43
6,11,18,20,32,41,48
3,16,23,24,36,44,46
2,7,23,35,37,38,46
4,7,25,27,37,40,45
5,7,16,25,33,43,49
1,13,18,23,32,38,41
3,5,19,21,25,31,36
5,12,14,22,39,40,47
8,15,21,27,28,32,41
8,12,16,29,42,43,47
5,8,13,20,38,48,49
5,7,21,23,35,42,45
7,9,18,25,31,36,48
10,12,18,22,33,39,41
8,10,20,27,35,36,48
1,13,16,28,33,37,40
3,4,9,32,37,40,41
3,9,22,29,41,43,46
6,9,15,20,31,43,48
1,5,18,25,41,42,45
4,8,12,22,27,29,46
4,18,19,29,37,39,45
5,10,16,17,31,41,47
3,4,13,14,23,44,45
5,8,12,18,35,36,47
9,11,13,19,25,44,49
8,12,13,32,36,41,45
4,14,16,23,28,37,44
3,9,17,24,26,27,38
6,16,19,33,38,45,48
5,7,10,19,30,34,48
4,5,12,26,36,37,47
1,8,15,22,31,34,42
5,17,18,22,42,43,47
3,10,21,32,35,37,38
1,14,17,23,37,38,41
10,11,12,29,32,38,46
3,11,14,27,36,41,44
10,12,26,30,33,36,45
5,8,20,23,36,42,49
5,8,24,27,29,34,46
3,6,27,30,38,39,47
7,17,24,28,34,41,50
5,12,14,28,43,45,48
5,7,11,21,27,35,46
4,16,18,29,38,40,46
4,6,21,33,35,36,44
5,12,18,19,20,30,40
2,3,12,27,28,32,40
3,17,18,20,27,46,47
2,19,23,25,28,44,45
5,10,13,15,30,41,48
2,6,15,20,22,30,46
5,12,16,22,25,30,43
5,12,13,29,40,43,47
10,11,24,30,35,39,45
1,9,29,32,38,40,44
3,9,23,32,33,42,46
7,11,13,25,40,44,49
2,4,13,31,35,37,40
4,15,22,26,29,44,46
8,12,18,27,29,43,49
1,8,18,20,24,30,41
4,5,22,26,28,38,44
5,8,13,26,33,39,42
4,11,24,26,35,40,47
9,11,22,31,32,38,46
3,9,13,21,28,35,47
6,8,19,22,40,41,48
4,9,13,30,36,39,44
4,13,18,22,38,44,46
9,14,22,23,30,40,49
6,11,17,20,37,43,46
4,10,13,23,30,42,46
4,5,13,20,31,36,45
6,9,19,22,30,32,45
7,8,29,30,31,41,46
8,10,17,19,38,41,49
2,10,20,30,33,40,41
7,9,17,19,31,36,46
4,7,19,24,25,42,48
2,5,16,33,37,38,44
6,16,18,24,35,39,49
7,19,20,21,42,45,49
8,13,14,30,42,44,47
6,8,26,36,37,43,48
1,6,11,20,23,42,43
3,15,18,23,28,43,45
2,15,28,32,33,41,45
2,7,13,15,31,36,39
5,6,7,30,32,34,48
3,4,14,18,29,43,46
1,7,13,28,31,36,38
3,6,11,25,29,40,46
2,3,10,16,31,41,46
4,8,10,17,34,38,44
6,12,26,28,29,40,47
7,12,22,25,32,46,49
7,12,19,34,42,45,50
1,8,13,25,29,30,41
4,15,18,19,31,42,48
6,8,15,23,24,39,44
2,6,16,22,34,42,45
6,10,18,32,34,39,48
7,12,13,18,37,38,48
8,10,18,23,38,39,42
5,17,21,22,23,38,39
1,11,19,20,34,40,42
1,11,14,24,30,44,45
5,13,16,18,41,45,48
8,13,15,21,33,41,43
6,13,17,21,25,36,48
4,9,23,27,34,42,47
5,6,24,30,37,46,48
7,8,12,18,20,42,44
6,17,20,22,30,36,38
2,18,20,26,27,37,46
5,7,27,30,34,36,45
5,17,22,23,31,38,48
10,17,18,23,36,43,47
11,13,19,25,30,36,49
4,12,16,28,40,46,48
6,9,13,23,39,42,48
10,12,16,20,30,46,49
11,13,16,24,27,39,45
2,9,11,20,32,39,40
7,13,21,32,38,40,46
5,14,24,25,34,35,47
7,13,16,21,29,41,47
3,7,19,24,37,39,40
6,16,24,28,34,38,48
3,6,15,19,27,32,46
9,11,14,34,35,42,49
7,13,25,26,36,41,49
6,7,10,24,28,40,49
9,17,24,29,35,36,39
3,17,20,32,34,41,44
2,8,17,29,32,38,46
3,14,17,33,36,39,44
6,15,19,23,24,38,49
10,11,12,28,33,37,49
1,12,26,33,36,43,45
3,14,20,28,37,41,44
3,12,17,22,40,46,47
7,14,16,19,39,46,49
6,7,18,35,38,40,47
8,11,16,28,41,48,50
10,17,20,28,29,41,46
6,9,12,34,40,43,44
5,9,21,28,33,39,44
6,7,19,21,26,46,47
5,11,21,29,33,35,45
5,9,17,28,31,32,47
2,5,12,27,30,43,44
3,4,16,18,26,44,47
6,13,22,29,32,34,40
4,10,17,30,40,44,48
4,11,12,34,40,41,44
2,5,11,23,38,39,46
5,12,18,23,25,34,49
1,16,24,33,34,43,45
4,8,18,26,28,40,48
11,12,21,24,26,39,45
5,18,24,26,27,39,43
4,5,24,33,37,39,42
9,14,16,22,40,43,46
8,14,17,23,31,45,48
4,10,20,37,43,46,47
2,14,18,19,26,36,45
4,7,13,30,40,43,45
6,15,20,21,34,39,48
7,10,14,25,26,40,42
8,16,17,19,20,39,43
3,7,13,19,26,36,46
1,2,19,27,30,33,42
3,11,24,26,34,43,47
8,11,13,15,38,43,49
2,13,16,26,32,42,43
5,15,18,21,39,45,47
3,14,24,26,29,31,37
6,13,17,30,32,37,43
6,11,18,21,33,46,49
5,13,17,22,25,35,49
2,19,20,24,27,34,36
9,15,16,20,31,36,42
10,11,12,26,32,38,48
5,16,19,23,33,34,49
2,5,32,33,35,39,40
8,11,16,21,29,45,46
7,15,18,27,31,34,46
6,8,23,32,34,43,49
6,12,22,24,42,45,49
4,5,24,30,34,39,45
7,14,15,23,24,39,41
2,11,16,32,33,44,46
9,10,12,24,33,42,49
3,5,13,21,27,31,47
7,11,20,22,38,39,45
6,9,18,23,32,35,44
6,18,23,30,35,37,49
3,16,18,30,32,34,42
8,9,19,22,36,41,43
4,8,26,28,36,44,46
5,10,28,32,35,41,47
7,8,14,32,33,40,45
3,11,25,28,35,36,46
5,9,13,23,31,36,48
3,9,24,25,34,46,47
3,12,17,24,40,42,45
2,14,17,23,34,43,45
3,7,19,35,37,40,47
1,7,14,21,32,36,42
3,13,16,21,36,44,46
7,11,12,20,35,44,49
7,15,16,23,35,41,48
2,9,25,26,32,33,42
2,14,18,20,24,27,38
6,9,11,15,36,38,48
3,12,24,25,32,38,44
7,8,15,27,35,44,46
2,17,20,25,26,42,46
6,7,10,16,22,46,49
2,11,16,18,28,34,38
2,14,16,18,23,41,45
10,12,20,25,32,44,49
4,6,19,23,29,35,42
2,3,17,26,28,35,44
2,6,21,22,28,39,44
4,6,22,32,39,44,46
1,8,21,26,36,37,41
6,11,18,20,22,32,47
6,9,16,22,31,35,43
11,15,24,27,34,36,43
2,11,20,29,39,43,45
4,11,17,24,38,46,47
9,12,15,16,38,43,48
3,12,23,27,30,40,41
9,13,15,18,37,43,48
1,11,12,17,29,42,44
2,8,23,26,34,36,45
2,7,17,20,33,39,44
3,13,18,23,26,35,40
12,13,16,19,23,36,48
5,14,17,26,39,44,45
5,8,20,26,36,43,48
1,12,13,19,25,34,43
3,13,18,23,31,32,41
2,7,18,32,34,36,43
6,10,11,29,37,38,48
5,9,10,21,27,41,49
7,8,17,29,32,36,49
7,9,15,20,34,38,49
6,11,19,31,32,40,41
6,12,17,23,32,39,45
8,14,15,16,30,43,45
9,11,20,25,32,42,45
6,13,16,18,39,44,47
6,8,13,22,30,42,45
3,7,20,26,34,44,45
13,15,19,21,35,36,44
4,5,15,23,26,38,47
8,12,17,23,34,43,46
7,14,16,29,35,40,49
4,17,28,30,31,41,47
6,11,15,19,35,41,47
4,5,15,16,39,44,48
2,18,27,36,38,40,46
1,5,13,25,27,33,45
2,14,17,29,31,37,41
5,6,22,36,37,41,46
4,13,25,34,36,39,44
7,11,16,22,29,33,49
5,9,20,22,29,34,48
6,10,22,25,32,42,46
4,8,29,30,33,43,44
2,9,21,24,34,40,45
3,9,19,32,35,43,47
2,11,13,18,36,42,44
5,7,18,25,27,45,48
5,8,15,22,36,44,46
6,7,15,17,34,43,47
3,7,19,23,36,38,47
4,13,14,24,30,35,46
3,8,11,19,28,37,41
6,14,16,19,21,33,36
5,11,19,29,37,38,49
4,11,12,20,35,37,47
9,18,21,28,29,45,47
7,17,20,25,40,42,45
7,17,19,22,34,36,41
7,15,22,23,29,33,46
3,8,11,14,25,33,46
3,17,18,19,41,43,46
1,9,13,25,26,38,41
6,16,18,19,31,37,45
6,9,23,24,27,36,48
5,8,13,15,33,39,45
10,17,19,23,31,32,45
4,6,9,24,32,39,47
6,13,27,30,40,41,42
2,6,11,30,31,37,41
5,6,12,23,39,46,48
1,5,18,27,39,43,45
4,6,10,28,29,30,37
7,11,19,21,22,43,49
11,12,15,24,29,42,48
6,12,17,18,27,35,50
3,16,20,29,39,44,47
2,11,12,25,26,39,43
7,11,17,25,38,43,49
2,6,18,19,31,42,44
1,9,27,28,33,39,41
6,14,15,16,22,33,49
1,15,18,25,30,38,44
6,9,10,15,26,37,43
2,6,16,20,35,44,46
7,15,24,25,33,35,49
4,16,25,30,36,45,48
4,9,14,16,23,38,46
1,20,22,24,39,43,45
5,11,16,25,35,47,49
1,6,13,22,34,44,45
6,15,27,28,34,38,45
9,15,18,23,27,41,45
9,13,19,22,30,38,45
1,10,12,24,27,32,43
3,10,11,30,35,37,46
1,11,21,23,25,29,40
6,8,14,18,42,43,46
8,10,13,17,29,42,45
2,10,27,28,35,40,46
3,4,5,16,31,37,46
11,15,18,24,26,44,46
2,7,9,28,40,45,46
8,16,27,29,31,39,46
9,14,15,24,30,38,46
4,7,18,25,32,41,43
2,6,13,26,36,42,46
1,2,20,22,29,39,41
3,12,21,24,28,33,46
4,18,22,23,35,37,47
1,11,18,31,36,41,42
5,13,16,26,31,43,44
10,12,22,25,41,44,46
7,8,17,27,30,43,45
3,8,15,20,25,39,41
2,9,15,28,32,33,40
5,16,22,28,32,37,38
5,17,20,22,32,35,49
8,11,17,27,37,43,49
